user_id,age,income,investment_experience_years,savings_ratio,debt_ratio,risk_tolerance_score,portfolio_volatility,risk_profile
U0001,62,59184,1,0.38,0.15,3,0.34,conservative
U0002,65,172964,5,0.32,0.02,2,0.14,conservative
U0003,54,187815,1,0.3,0.43,9,0.22,conservative
U0004,50,184472,17,0.41,0.0,3,0.33,aggressive
U0005,43,102842,9,0.15,0.46,2,0.09,conservative
U0006,28,124104,6,0.32,0.48,8,0.26,aggressive
U0007,46,50656,24,0.18,0.38,6,0.28,moderate
U0008,67,48233,2,0.35,0.46,2,0.39,conservative
U0009,28,129647,6,0.25,0.5,3,0.2,conservative
U0010,35,99986,4,0.32,0.1,4,0.12,conservative
U0011,46,100765,24,0.15,0.19,1,0.14,moderate
U0012,24,112694,2,0.17,0.13,10,0.4,aggressive
U0013,42,85738,20,0.23,0.55,8,0.11,moderate
U0014,30,94651,8,0.29,0.45,7,0.41,moderate
U0015,47,124895,14,0.5,0.08,8,0.09,aggressive
U0016,25,58743,3,0.33,0.48,7,0.29,moderate
U0017,46,130039,24,0.29,0.58,1,0.32,moderate
U0018,29,170763,7,0.4,0.2,5,0.22,moderate
U0019,51,30850,16,0.49,0.46,9,0.42,moderate
U0020,62,108235,32,0.32,0.09,3,0.27,aggressive
U0021,55,30149,20,0.27,0.07,6,0.4,moderate
U0022,41,92770,3,0.16,0.34,2,0.08,conservative
U0023,53,48143,31,0.39,0.08,8,0.43,aggressive
U0024,32,99483,10,0.44,0.25,4,0.42,moderate
U0025,70,82730,19,0.23,0.4,6,0.23,conservative
U0026,55,148354,7,0.16,0.04,1,0.29,moderate
U0027,36,184256,14,0.05,0.42,1,0.14,conservative
U0028,24,116619,2,0.28,0.17,8,0.14,moderate
U0029,30,179695,8,0.16,0.28,7,0.13,moderate
U0030,28,142997,6,0.24,0.28,1,0.32,moderate
U0031,63,55799,3,0.23,0.2,2,0.15,conservative
U0032,34,170584,12,0.11,0.11,8,0.15,aggressive
U0033,26,146164,4,0.09,0.39,9,0.38,aggressive
U0034,27,91965,5,0.23,0.29,7,0.41,moderate
U0035,32,129345,0,0.49,0.16,8,0.16,aggressive
U0036,66,175691,31,0.12,0.18,1,0.28,moderate
U0037,56,45979,20,0.08,0.35,9,0.42,moderate
U0038,55,71270,3,0.48,0.05,3,0.08,conservative
U0039,26,91657,4,0.1,0.53,4,0.28,conservative
U0040,24,192367,2,0.24,0.35,9,0.18,moderate
U0041,38,83545,16,0.16,0.24,5,0.23,conservative
U0042,70,49016,0,0.26,0.6,2,0.08,conservative
U0043,35,162614,13,0.11,0.21,2,0.4,moderate
U0044,45,104707,10,0.25,0.33,5,0.29,moderate
U0045,63,168658,0,0.35,0.33,2,0.43,conservative
U0046,30,99328,7,0.45,0.45,3,0.16,conservative
U0047,60,85215,21,0.14,0.38,5,0.25,conservative
U0048,38,43316,5,0.34,0.5,1,0.05,conservative
U0049,30,197015,8,0.12,0.27,7,0.27,aggressive
U0050,29,49724,7,0.3,0.5,10,0.27,moderate
U0051,49,63409,2,0.19,0.54,1,0.41,conservative
U0052,35,95412,6,0.21,0.34,7,0.44,moderate
U0053,69,70515,15,0.44,0.59,3,0.4,moderate
U0054,23,77018,1,0.4,0.25,4,0.16,conservative
U0055,66,58336,24,0.44,0.52,4,0.13,conservative
U0056,51,121660,19,0.42,0.52,4,0.06,conservative
U0057,34,134455,12,0.18,0.04,5,0.19,aggressive
U0058,54,134773,32,0.2,0.02,5,0.12,moderate
U0059,38,40028,6,0.32,0.21,6,0.22,conservative
U0060,54,60315,24,0.45,0.11,1,0.33,moderate
U0061,22,166293,0,0.36,0.56,4,0.2,conservative
U0062,26,116559,4,0.35,0.07,5,0.25,moderate
U0063,64,137057,20,0.23,0.18,3,0.13,moderate
U0064,64,129390,11,0.33,0.18,9,0.38,aggressive
U0065,41,105212,13,0.24,0.35,6,0.24,moderate
U0066,50,86020,28,0.26,0.54,3,0.31,conservative
U0067,40,165122,18,0.09,0.57,4,0.32,moderate
U0068,36,82200,9,0.06,0.15,8,0.29,aggressive
U0069,26,149384,4,0.45,0.35,7,0.25,moderate
U0070,37,68684,0,0.45,0.52,2,0.36,conservative
U0071,36,76107,14,0.26,0.33,2,0.23,conservative
U0072,51,169233,29,0.32,0.57,8,0.3,aggressive
U0073,68,162324,27,0.42,0.33,3,0.35,moderate
U0074,52,147983,16,0.39,0.5,5,0.36,moderate
U0075,55,157034,15,0.17,0.05,5,0.14,moderate
U0076,43,113809,21,0.09,0.09,7,0.33,aggressive
U0077,67,86086,4,0.24,0.2,8,0.22,conservative
U0078,35,140138,13,0.46,0.35,1,0.39,moderate
U0079,70,180913,24,0.26,0.57,5,0.35,moderate
U0080,48,171091,26,0.41,0.54,8,0.14,moderate
U0081,49,157308,1,0.22,0.4,7,0.34,moderate
U0082,51,63456,29,0.06,0.24,10,0.32,moderate
U0083,27,198492,5,0.11,0.28,1,0.15,conservative
U0084,42,85485,20,0.2,0.46,7,0.16,moderate
U0085,48,96131,5,0.26,0.45,1,0.45,conservative
U0086,44,88778,4,0.4,0.39,1,0.43,conservative
U0087,34,35342,9,0.16,0.28,2,0.28,conservative
U0088,35,151905,13,0.4,0.1,10,0.44,aggressive
U0089,67,60024,10,0.48,0.06,1,0.42,moderate
U0090,58,128384,25,0.47,0.12,10,0.33,aggressive
U0091,62,93661,6,0.36,0.18,10,0.37,aggressive
U0092,58,40766,22,0.29,0.4,2,0.25,conservative
U0093,43,33316,21,0.42,0.06,6,0.3,aggressive
U0094,51,70105,27,0.13,0.31,5,0.3,moderate
U0095,56,156745,29,0.25,0.44,5,0.18,conservative
U0096,37,52718,15,0.45,0.15,8,0.28,aggressive
U0097,64,129349,21,0.06,0.51,3,0.25,conservative
U0098,44,97725,21,0.18,0.36,5,0.27,moderate
U0099,55,80084,5,0.16,0.24,9,0.35,moderate
U0100,66,154804,31,0.25,0.01,5,0.14,moderate
U0101,66,93780,19,0.35,0.22,9,0.26,aggressive
U0102,49,174281,21,0.21,0.27,5,0.15,moderate
U0103,29,80484,7,0.1,0.32,3,0.13,conservative
U0104,69,156929,17,0.38,0.59,9,0.29,aggressive
U0105,28,80886,6,0.15,0.11,1,0.33,moderate
U0106,30,101909,2,0.49,0.33,3,0.31,moderate
U0107,70,158680,6,0.44,0.34,8,0.24,moderate
U0108,43,78329,3,0.16,0.52,2,0.38,conservative
U0109,47,158908,4,0.31,0.41,3,0.11,conservative
U0110,58,109648,5,0.5,0.07,7,0.29,aggressive
U0111,61,89162,33,0.22,0.55,5,0.39,moderate
U0112,49,110053,3,0.32,0.44,4,0.3,moderate
U0113,38,51282,10,0.16,0.33,3,0.05,conservative
U0114,50,185664,28,0.18,0.14,5,0.33,aggressive
U0115,51,48659,14,0.47,0.47,10,0.31,moderate
U0116,34,141447,7,0.3,0.39,5,0.38,moderate
U0117,26,45633,4,0.41,0.36,10,0.42,moderate
U0118,50,62598,28,0.36,0.42,5,0.25,conservative
U0119,53,144755,5,0.32,0.53,6,0.29,moderate
U0120,23,53940,1,0.48,0.5,10,0.28,moderate
U0121,23,100650,1,0.39,0.11,9,0.31,aggressive
U0122,39,77576,17,0.34,0.3,2,0.24,conservative
U0123,48,117374,20,0.35,0.51,6,0.21,moderate
U0124,53,105554,25,0.42,0.33,8,0.09,moderate
U0125,38,114744,7,0.49,0.24,9,0.38,aggressive
U0126,22,172237,0,0.24,0.11,6,0.3,aggressive
U0127,53,193947,28,0.39,0.12,9,0.1,aggressive
U0128,40,144849,18,0.1,0.58,10,0.37,aggressive
U0129,67,71517,19,0.3,0.33,2,0.14,conservative
U0130,29,150965,7,0.34,0.09,5,0.25,aggressive
U0131,39,138918,17,0.49,0.15,9,0.11,aggressive
U0132,34,187123,12,0.39,0.08,2,0.16,moderate
U0133,48,119096,26,0.17,0.0,5,0.38,aggressive
U0134,59,158356,9,0.25,0.29,6,0.27,moderate
U0135,56,128883,29,0.47,0.52,4,0.28,moderate
U0136,36,137682,2,0.19,0.28,7,0.2,conservative
U0137,64,69873,31,0.48,0.08,10,0.18,aggressive
U0138,28,145423,6,0.29,0.27,3,0.21,conservative
U0139,63,70464,4,0.26,0.58,6,0.3,conservative
U0140,47,51054,21,0.43,0.52,7,0.43,moderate
U0141,62,157912,34,0.07,0.04,5,0.45,aggressive
U0142,69,53692,27,0.49,0.46,2,0.23,conservative
U0143,66,108503,1,0.07,0.48,5,0.19,conservative
U0144,49,68160,15,0.29,0.34,3,0.12,conservative
U0145,27,189774,5,0.33,0.14,10,0.11,aggressive
U0146,51,197222,16,0.26,0.4,8,0.41,moderate
U0147,65,173287,10,0.08,0.57,10,0.17,moderate
U0148,49,95561,27,0.43,0.12,7,0.39,aggressive
U0149,28,92182,6,0.31,0.34,5,0.06,moderate
U0150,64,133758,17,0.05,0.52,1,0.41,conservative
U0151,69,160214,18,0.4,0.14,6,0.14,moderate
U0152,34,192762,12,0.35,0.43,3,0.3,aggressive
U0153,62,199434,2,0.19,0.26,10,0.2,conservative
U0154,30,53627,8,0.2,0.25,4,0.1,conservative
U0155,56,125907,33,0.28,0.16,3,0.15,moderate
U0156,52,107369,21,0.41,0.28,2,0.11,conservative
U0157,36,134179,14,0.21,0.47,1,0.16,conservative
U0158,29,149219,7,0.35,0.4,10,0.2,aggressive
U0159,62,127379,6,0.35,0.28,10,0.4,aggressive
U0160,57,115984,14,0.34,0.38,8,0.41,aggressive
U0161,41,137032,7,0.11,0.57,5,0.45,moderate
U0162,29,55478,7,0.45,0.08,8,0.2,moderate
U0163,69,171608,26,0.31,0.44,7,0.31,aggressive
U0164,53,191389,26,0.47,0.17,6,0.14,moderate
U0165,50,91895,23,0.09,0.41,9,0.41,moderate
U0166,63,124024,3,0.23,0.11,2,0.43,conservative
U0167,51,54031,13,0.34,0.36,1,0.07,conservative
U0168,43,93850,8,0.4,0.12,9,0.13,aggressive
U0169,35,91079,13,0.4,0.47,10,0.05,moderate
U0170,31,64076,9,0.16,0.1,1,0.1,conservative
U0171,44,92372,20,0.06,0.16,3,0.35,moderate
U0172,55,59792,4,0.26,0.47,9,0.29,conservative
U0173,50,162078,14,0.48,0.03,9,0.17,aggressive
U0174,63,38165,3,0.5,0.51,7,0.32,conservative
U0175,53,146277,4,0.45,0.19,3,0.08,conservative
U0176,39,193661,17,0.37,0.23,10,0.26,aggressive
U0177,51,162527,27,0.09,0.42,9,0.34,aggressive
U0178,35,142740,13,0.45,0.25,8,0.21,moderate
U0179,68,54926,20,0.24,0.4,6,0.43,conservative
U0180,65,154326,4,0.09,0.05,7,0.09,moderate
U0181,69,127687,8,0.3,0.35,9,0.27,moderate
U0182,64,62042,26,0.21,0.4,7,0.4,moderate
U0183,68,43486,18,0.32,0.21,10,0.25,moderate
U0184,31,156403,9,0.43,0.21,9,0.2,aggressive
U0185,70,103024,14,0.41,0.51,10,0.3,aggressive
U0186,63,175945,1,0.32,0.39,5,0.06,conservative
U0187,39,110998,17,0.21,0.11,3,0.28,aggressive
U0188,47,48241,9,0.38,0.58,2,0.35,conservative
U0189,35,128617,13,0.25,0.09,5,0.34,aggressive
U0190,58,186296,5,0.45,0.09,10,0.07,moderate
U0191,27,101330,5,0.35,0.29,8,0.22,moderate
U0192,35,164308,7,0.21,0.07,10,0.24,aggressive
U0193,64,110850,2,0.15,0.59,1,0.05,conservative
U0194,41,85373,8,0.39,0.17,2,0.05,conservative
U0195,69,142893,11,0.11,0.32,4,0.25,conservative
U0196,64,122842,4,0.23,0.45,7,0.06,conservative
U0197,26,112066,4,0.31,0.43,7,0.17,moderate
U0198,47,35467,20,0.13,0.57,8,0.38,moderate
U0199,45,53102,23,0.43,0.15,10,0.21,aggressive
U0200,27,133747,5,0.39,0.13,3,0.08,moderate
U0201,62,59891,33,0.28,0.54,6,0.19,conservative
U0202,63,68716,15,0.1,0.15,3,0.29,moderate
U0203,70,49753,11,0.48,0.38,8,0.35,moderate
U0204,70,181904,28,0.36,0.53,10,0.18,moderate
U0205,62,112873,9,0.25,0.28,5,0.37,moderate
U0206,59,44725,22,0.28,0.19,8,0.07,moderate
U0207,45,105255,4,0.34,0.59,2,0.3,conservative
U0208,54,130789,29,0.31,0.57,1,0.23,conservative
U0209,58,79345,20,0.32,0.3,1,0.23,conservative
U0210,43,52106,21,0.34,0.02,8,0.45,aggressive
U0211,55,167035,10,0.21,0.55,7,0.21,conservative
U0212,43,186732,3,0.41,0.39,2,0.18,conservative
U0213,57,131335,18,0.16,0.51,10,0.4,aggressive
U0214,43,51365,9,0.46,0.19,7,0.1,moderate
U0215,67,52208,19,0.3,0.39,6,0.38,conservative
U0216,64,167990,5,0.34,0.25,6,0.06,conservative
U0217,41,77254,13,0.2,0.46,4,0.14,conservative
U0218,30,70617,4,0.18,0.47,9,0.36,moderate
U0219,69,168027,2,0.35,0.53,10,0.1,moderate
U0220,46,70436,10,0.13,0.42,10,0.37,moderate
U0221,32,144733,2,0.23,0.41,4,0.44,moderate
U0222,61,104692,28,0.16,0.14,8,0.41,aggressive
U0223,34,126427,12,0.26,0.17,7,0.25,aggressive
U0224,48,72482,12,0.41,0.08,5,0.07,moderate
U0225,52,127311,30,0.47,0.43,9,0.39,aggressive
U0226,40,51987,10,0.17,0.54,3,0.38,conservative
U0227,27,88205,5,0.45,0.56,7,0.07,moderate
U0228,54,128031,15,0.22,0.05,4,0.06,moderate
U0229,28,117894,6,0.11,0.17,8,0.33,aggressive
U0230,30,152974,8,0.33,0.54,1,0.15,conservative
U0231,31,173865,9,0.24,0.47,4,0.17,conservative
U0232,25,92505,3,0.34,0.37,2,0.09,conservative
U0233,53,186431,31,0.06,0.31,4,0.34,moderate
U0234,40,142522,0,0.33,0.14,7,0.12,moderate
U0235,64,52443,33,0.49,0.04,9,0.27,aggressive
U0236,54,175267,1,0.23,0.28,7,0.44,moderate
U0237,38,34257,16,0.4,0.21,2,0.36,conservative
U0238,69,117167,8,0.07,0.33,3,0.38,conservative
U0239,65,151798,30,0.33,0.49,2,0.34,moderate
U0240,51,39695,18,0.14,0.47,1,0.18,conservative
U0241,41,165104,19,0.5,0.33,5,0.06,moderate
U0242,63,80096,18,0.21,0.47,6,0.16,conservative
U0243,45,144544,23,0.38,0.54,7,0.19,moderate
U0244,33,160076,11,0.22,0.48,5,0.37,aggressive
U0245,68,141280,5,0.24,0.6,3,0.27,conservative
U0246,42,56895,5,0.2,0.18,8,0.29,moderate
U0247,49,73684,27,0.21,0.03,6,0.3,aggressive
U0248,49,101973,3,0.08,0.38,6,0.26,moderate
U0249,69,71939,1,0.11,0.36,8,0.06,conservative
U0250,26,91864,4,0.21,0.57,1,0.29,conservative
U0251,65,147944,23,0.22,0.46,10,0.11,moderate
U0252,45,134342,20,0.34,0.15,2,0.06,moderate
U0253,33,160821,11,0.22,0.34,5,0.36,aggressive
U0254,67,146987,13,0.5,0.17,8,0.13,aggressive
U0255,30,49412,8,0.13,0.43,2,0.37,conservative
U0256,42,121075,4,0.3,0.17,5,0.39,moderate
U0257,67,197169,11,0.41,0.31,2,0.44,moderate
U0258,30,92058,8,0.06,0.33,6,0.24,conservative
U0259,57,64018,5,0.08,0.24,8,0.26,conservative
U0260,48,180706,4,0.11,0.19,2,0.23,conservative
U0261,65,165622,22,0.11,0.5,9,0.31,aggressive
U0262,33,63825,11,0.28,0.52,2,0.26,moderate
U0263,41,73163,10,0.2,0.43,6,0.43,moderate
U0264,55,104461,5,0.16,0.38,9,0.16,conservative
U0265,62,109383,34,0.09,0.38,10,0.43,aggressive
U0266,31,74879,9,0.43,0.34,1,0.08,conservative
U0267,63,181197,16,0.34,0.46,7,0.3,aggressive
U0268,23,160557,1,0.18,0.57,8,0.15,moderate
U0269,65,136454,19,0.25,0.41,3,0.23,conservative
U0270,52,151750,13,0.2,0.09,6,0.34,aggressive
U0271,44,134521,8,0.39,0.31,2,0.18,conservative
U0272,51,62118,17,0.25,0.08,1,0.17,conservative
U0273,46,191317,24,0.16,0.52,3,0.38,moderate
U0274,58,111976,12,0.39,0.3,9,0.24,moderate
U0275,41,160382,1,0.09,0.24,8,0.44,moderate
U0276,35,182920,13,0.07,0.17,10,0.4,aggressive
U0277,63,153361,18,0.29,0.51,7,0.1,moderate
U0278,38,125886,16,0.21,0.24,10,0.27,aggressive
U0279,45,175024,18,0.08,0.3,9,0.16,moderate
U0280,61,190181,7,0.11,0.06,6,0.37,moderate
U0281,43,176232,21,0.39,0.12,9,0.21,aggressive
U0282,24,41876,2,0.11,0.2,8,0.26,moderate
U0283,31,188927,9,0.11,0.56,6,0.12,moderate
U0284,61,108442,21,0.28,0.31,8,0.33,moderate
U0285,41,154490,1,0.22,0.4,7,0.28,moderate
U0286,68,194956,1,0.32,0.16,10,0.28,aggressive
U0287,68,43462,30,0.13,0.38,10,0.36,moderate
U0288,46,68738,15,0.06,0.57,2,0.13,conservative
U0289,50,112232,26,0.12,0.41,7,0.25,moderate
U0290,61,153628,3,0.37,0.31,9,0.18,moderate
U0291,64,155402,33,0.22,0.57,8,0.41,moderate
U0292,43,173202,21,0.35,0.52,5,0.29,aggressive
U0293,34,94623,12,0.3,0.13,5,0.36,aggressive
U0294,67,84336,31,0.19,0.21,5,0.17,conservative
U0295,58,172394,24,0.45,0.24,6,0.43,moderate
U0296,31,106140,2,0.18,0.43,6,0.42,moderate
U0297,63,97225,30,0.15,0.5,5,0.42,moderate
U0298,66,101203,8,0.1,0.44,4,0.15,conservative
U0299,64,169209,14,0.34,0.03,7,0.18,aggressive
U0300,52,56357,8,0.05,0.33,3,0.21,conservative
U0301,52,155160,12,0.39,0.17,5,0.31,aggressive
U0302,27,180505,5,0.29,0.43,1,0.42,conservative
U0303,33,139546,11,0.47,0.02,7,0.37,aggressive
U0304,33,105882,2,0.05,0.34,2,0.42,conservative
U0305,43,104596,21,0.5,0.33,8,0.41,aggressive
U0306,30,162176,8,0.17,0.49,6,0.11,moderate
U0307,51,199944,16,0.37,0.01,6,0.37,aggressive
U0308,58,80636,11,0.32,0.38,7,0.38,moderate
U0309,54,115964,5,0.23,0.06,3,0.24,conservative
U0310,37,31790,15,0.22,0.27,5,0.43,moderate
U0311,41,182688,0,0.17,0.22,4,0.07,conservative
U0312,29,152000,7,0.12,0.41,5,0.33,moderate
U0313,62,107342,23,0.33,0.13,3,0.24,moderate
U0314,51,188790,23,0.24,0.33,8,0.35,moderate
U0315,64,87255,15,0.36,0.36,2,0.26,conservative
U0316,55,124839,4,0.46,0.07,9,0.41,aggressive
U0317,34,180130,12,0.12,0.2,9,0.23,aggressive
U0318,65,83844,31,0.09,0.31,1,0.23,conservative
U0319,54,138901,29,0.3,0.34,5,0.34,moderate
U0320,47,96704,0,0.39,0.35,1,0.22,conservative
U0321,66,46714,34,0.5,0.56,2,0.44,conservative
U0322,52,38319,18,0.23,0.46,7,0.2,conservative
U0323,46,147581,24,0.22,0.41,9,0.1,moderate
U0324,44,61098,11,0.5,0.24,3,0.34,moderate
U0325,36,30910,1,0.49,0.28,9,0.22,conservative
U0326,46,90205,15,0.26,0.09,4,0.42,moderate
U0327,68,59581,2,0.41,0.25,1,0.15,conservative
U0328,26,56449,2,0.25,0.4,1,0.15,conservative
U0329,24,135451,2,0.16,0.13,1,0.11,conservative
U0330,40,91384,18,0.31,0.46,6,0.14,moderate
U0331,31,166642,9,0.24,0.17,9,0.43,aggressive
U0332,69,75910,27,0.3,0.03,6,0.43,moderate
U0333,64,129917,33,0.19,0.25,3,0.17,conservative
U0334,33,171014,11,0.16,0.14,3,0.37,aggressive
U0335,25,177426,3,0.49,0.33,3,0.21,conservative
U0336,38,83303,16,0.34,0.55,6,0.09,moderate
U0337,68,79933,3,0.17,0.4,10,0.07,conservative
U0338,26,79325,4,0.15,0.13,6,0.17,moderate
U0339,22,85524,0,0.48,0.07,8,0.42,aggressive
U0340,66,188440,13,0.23,0.14,6,0.36,aggressive
U0341,46,152224,24,0.34,0.19,6,0.26,aggressive
U0342,53,152160,6,0.41,0.43,6,0.42,moderate
U0343,45,112030,23,0.07,0.52,3,0.06,conservative
U0344,57,183100,26,0.18,0.12,4,0.2,moderate
U0345,37,160888,15,0.34,0.41,5,0.36,aggressive
U0346,53,198216,31,0.26,0.44,6,0.12,conservative
U0347,68,173273,31,0.13,0.53,1,0.26,conservative
U0348,26,42717,0,0.24,0.51,4,0.08,conservative
U0349,31,32396,9,0.28,0.22,10,0.31,moderate
U0350,61,156669,31,0.06,0.32,7,0.05,moderate
U0351,55,102021,33,0.49,0.01,7,0.37,aggressive
U0352,33,58053,6,0.29,0.14,10,0.26,aggressive
U0353,44,100077,22,0.09,0.58,8,0.28,aggressive
U0354,66,89207,19,0.36,0.51,1,0.09,conservative
U0355,46,128872,24,0.26,0.38,3,0.08,conservative
U0356,49,199058,21,0.3,0.51,2,0.41,moderate
U0357,24,90231,2,0.46,0.42,10,0.24,moderate
U0358,24,49489,2,0.45,0.34,1,0.12,conservative
U0359,42,34104,13,0.31,0.45,7,0.42,moderate
U0360,41,72585,15,0.31,0.51,9,0.18,moderate
U0361,70,66687,5,0.28,0.58,1,0.09,conservative
U0362,36,49927,14,0.32,0.37,10,0.21,moderate
U0363,42,37766,17,0.4,0.27,4,0.19,conservative
U0364,46,143206,11,0.36,0.4,2,0.36,moderate
U0365,40,94605,4,0.09,0.09,3,0.35,moderate
U0366,42,124555,6,0.09,0.57,8,0.19,moderate
U0367,39,56799,8,0.09,0.26,9,0.27,moderate
U0368,48,57077,1,0.09,0.33,10,0.29,moderate
U0369,42,130987,0,0.18,0.23,2,0.34,conservative
U0370,57,93633,33,0.13,0.23,3,0.16,conservative
U0371,39,159269,9,0.08,0.26,7,0.17,moderate
U0372,26,124666,4,0.47,0.43,8,0.29,aggressive
U0373,34,150025,6,0.11,0.0,7,0.18,aggressive
U0374,61,129585,21,0.25,0.26,10,0.1,moderate
U0375,42,188128,12,0.27,0.11,7,0.44,aggressive
U0376,40,195911,18,0.49,0.47,6,0.2,moderate
U0377,47,125686,7,0.47,0.12,9,0.12,aggressive
U0378,57,37055,29,0.47,0.13,5,0.38,moderate
U0379,26,137254,4,0.11,0.18,5,0.31,aggressive
U0380,67,140920,24,0.08,0.59,8,0.28,moderate
U0381,56,162805,26,0.29,0.47,6,0.33,moderate
U0382,56,185666,5,0.1,0.15,6,0.12,conservative
U0383,61,41612,25,0.49,0.2,7,0.09,conservative
U0384,28,97826,6,0.28,0.31,10,0.33,aggressive
U0385,36,146858,14,0.23,0.46,10,0.33,aggressive
U0386,31,120431,1,0.27,0.18,2,0.1,conservative
U0387,68,67139,22,0.19,0.27,4,0.26,conservative
U0388,44,154823,6,0.25,0.42,6,0.08,conservative
U0389,24,60168,1,0.43,0.39,3,0.42,moderate
U0390,69,93940,33,0.13,0.1,9,0.22,moderate
U0391,51,90779,25,0.33,0.11,7,0.21,moderate
U0392,69,190984,12,0.25,0.26,1,0.33,conservative
U0393,35,102966,4,0.31,0.48,9,0.12,moderate
U0394,42,81661,20,0.1,0.4,8,0.26,moderate
U0395,62,112157,24,0.33,0.35,6,0.19,moderate
U0396,51,191837,11,0.42,0.42,5,0.42,moderate
U0397,59,52217,8,0.19,0.14,2,0.12,conservative
U0398,66,67056,32,0.22,0.36,10,0.2,moderate
U0399,33,157577,11,0.36,0.39,3,0.27,aggressive
U0400,53,105716,8,0.13,0.51,10,0.07,moderate
U0401,44,32512,22,0.11,0.49,9,0.25,moderate
U0402,53,137252,31,0.24,0.5,8,0.12,moderate
U0403,58,38089,14,0.18,0.16,9,0.17,moderate
U0404,51,178281,29,0.3,0.07,2,0.16,conservative
U0405,56,126170,34,0.42,0.02,8,0.27,aggressive
U0406,49,56847,15,0.18,0.6,8,0.16,conservative
U0407,27,145099,5,0.4,0.14,10,0.33,aggressive
U0408,67,189976,27,0.12,0.08,4,0.38,moderate
U0409,25,179441,3,0.29,0.36,3,0.18,conservative
U0410,67,106712,18,0.31,0.57,9,0.44,aggressive
U0411,65,54962,8,0.48,0.47,1,0.45,conservative
U0412,63,63262,8,0.16,0.43,4,0.35,conservative
U0413,65,132944,31,0.11,0.38,7,0.2,moderate
U0414,26,196101,4,0.23,0.45,6,0.23,conservative
U0415,53,115796,0,0.44,0.51,2,0.34,conservative
U0416,51,196419,22,0.43,0.48,7,0.14,moderate
U0417,49,85535,27,0.17,0.5,6,0.27,moderate
U0418,30,178410,8,0.4,0.54,1,0.07,conservative
U0419,62,150476,1,0.11,0.51,8,0.23,conservative
U0420,49,83036,8,0.45,0.18,5,0.09,moderate
U0421,45,95638,5,0.22,0.54,3,0.07,conservative
U0422,62,110087,14,0.24,0.05,2,0.05,conservative
U0423,52,50431,8,0.32,0.31,8,0.05,conservative
U0424,66,120065,7,0.49,0.25,3,0.24,conservative
U0425,36,130419,5,0.38,0.06,6,0.2,moderate
U0426,41,65947,19,0.4,0.45,3,0.31,moderate
U0427,65,67448,4,0.29,0.01,3,0.23,conservative
U0428,68,85851,9,0.46,0.37,8,0.39,moderate
U0429,27,56336,5,0.39,0.35,7,0.19,conservative
U0430,49,112445,8,0.16,0.39,4,0.27,moderate
U0431,60,189276,18,0.4,0.41,5,0.13,moderate
U0432,60,163568,12,0.39,0.18,1,0.36,moderate
U0433,37,159731,15,0.1,0.3,10,0.08,moderate
U0434,22,124659,0,0.11,0.52,10,0.22,moderate
U0435,56,75290,30,0.48,0.46,1,0.28,conservative
U0436,22,98730,0,0.07,0.04,7,0.25,moderate
U0437,62,161346,26,0.24,0.24,9,0.27,aggressive
U0438,31,102736,5,0.19,0.31,4,0.44,moderate
U0439,31,170611,9,0.23,0.38,2,0.17,conservative
U0440,49,92557,3,0.16,0.55,2,0.23,conservative
U0441,60,44425,19,0.35,0.39,3,0.1,conservative
U0442,67,65969,0,0.12,0.57,9,0.26,moderate
U0443,68,97960,10,0.22,0.45,5,0.34,conservative
U0444,29,37695,7,0.41,0.16,2,0.16,conservative
U0445,58,194503,4,0.27,0.31,1,0.25,conservative
U0446,58,73746,23,0.12,0.46,10,0.32,moderate
U0447,29,89874,7,0.05,0.52,1,0.15,conservative
U0448,52,125414,24,0.46,0.11,1,0.27,moderate
U0449,67,139935,14,0.19,0.25,6,0.16,conservative
U0450,26,179824,4,0.1,0.4,1,0.12,conservative
U0451,55,42039,25,0.08,0.28,5,0.36,conservative
U0452,41,115799,5,0.3,0.0,4,0.17,conservative
U0453,41,193241,15,0.26,0.36,8,0.45,aggressive
U0454,34,173277,12,0.12,0.56,1,0.14,conservative
U0455,44,196708,0,0.48,0.0,7,0.39,aggressive
U0456,68,110612,6,0.14,0.59,7,0.25,conservative
U0457,25,67322,3,0.09,0.55,9,0.22,moderate
U0458,45,150182,5,0.31,0.3,7,0.08,moderate
U0459,58,46327,27,0.35,0.08,5,0.15,moderate
U0460,42,133010,20,0.19,0.16,2,0.43,moderate
U0461,30,183277,6,0.12,0.1,8,0.18,aggressive
U0462,29,170489,7,0.48,0.12,5,0.24,aggressive
U0463,29,53703,7,0.41,0.18,10,0.07,aggressive
U0464,42,68882,5,0.37,0.58,7,0.26,moderate
U0465,65,108339,16,0.42,0.1,7,0.39,aggressive
U0466,57,174210,15,0.09,0.06,3,0.1,moderate
U0467,25,88271,3,0.14,0.24,2,0.28,conservative
U0468,38,49657,1,0.5,0.12,8,0.37,moderate
U0469,27,116913,5,0.07,0.28,3,0.42,moderate
U0470,49,133546,27,0.06,0.41,3,0.19,conservative
U0471,33,102084,11,0.25,0.09,10,0.3,aggressive
U0472,37,199680,15,0.27,0.53,8,0.07,moderate
U0473,39,130405,8,0.24,0.39,9,0.15,moderate
U0474,56,35119,24,0.4,0.22,9,0.36,moderate
U0475,44,178282,22,0.19,0.16,1,0.18,moderate
U0476,36,37681,14,0.08,0.59,9,0.19,moderate
U0477,59,91017,10,0.1,0.39,5,0.26,conservative
U0478,69,44656,14,0.31,0.59,7,0.19,conservative
U0479,33,76163,11,0.32,0.48,6,0.42,aggressive
U0480,23,122191,1,0.3,0.11,8,0.27,aggressive
U0481,33,158564,2,0.09,0.14,4,0.06,moderate
U0482,52,30179,21,0.46,0.12,3,0.19,conservative
U0483,33,114826,3,0.06,0.35,3,0.36,moderate
U0484,55,125653,4,0.22,0.57,7,0.28,moderate
U0485,43,109105,20,0.11,0.09,7,0.37,aggressive
U0486,53,113173,11,0.37,0.34,10,0.36,aggressive
U0487,36,184389,11,0.22,0.44,5,0.1,moderate
U0488,68,30471,25,0.43,0.46,10,0.06,moderate
U0489,60,113418,14,0.34,0.06,8,0.11,aggressive
U0490,69,50396,15,0.21,0.19,2,0.38,conservative
U0491,64,197536,21,0.25,0.16,4,0.33,moderate
U0492,44,97281,6,0.37,0.03,8,0.34,aggressive
U0493,32,138532,10,0.45,0.21,7,0.09,moderate
U0494,52,181533,14,0.12,0.04,1,0.17,conservative
U0495,42,98453,6,0.08,0.1,7,0.11,moderate
U0496,26,173404,4,0.2,0.59,8,0.33,moderate
U0497,49,73253,27,0.12,0.06,4,0.44,moderate
U0498,48,175257,26,0.17,0.17,4,0.09,moderate
U0499,47,179886,25,0.43,0.09,6,0.05,aggressive
U0500,27,107214,5,0.14,0.02,3,0.31,moderate
U0501,27,154143,5,0.19,0.24,8,0.41,moderate
U0502,38,53890,16,0.22,0.22,7,0.2,conservative
U0503,50,41696,16,0.25,0.16,5,0.28,moderate
U0504,31,55350,5,0.35,0.48,7,0.44,moderate
U0505,59,89641,35,0.08,0.23,9,0.22,moderate
U0506,56,154472,15,0.26,0.05,1,0.25,conservative
U0507,55,179811,9,0.1,0.45,3,0.43,conservative
U0508,32,85545,10,0.11,0.25,7,0.13,moderate
U0509,62,68765,16,0.19,0.44,2,0.08,conservative
U0510,57,134164,35,0.2,0.17,8,0.42,aggressive
U0511,22,193330,0,0.4,0.07,3,0.11,moderate
U0512,59,182745,6,0.47,0.34,2,0.36,conservative
U0513,56,120143,26,0.17,0.39,10,0.29,aggressive
U0514,24,75141,2,0.23,0.37,7,0.07,conservative
U0515,43,92279,3,0.39,0.55,6,0.06,conservative
U0516,41,111513,17,0.43,0.51,2,0.44,moderate
U0517,36,65228,14,0.49,0.27,6,0.16,moderate
U0518,48,188591,5,0.13,0.13,7,0.35,aggressive
U0519,70,165397,23,0.42,0.31,3,0.08,conservative
U0520,67,162853,25,0.11,0.51,10,0.06,moderate
U0521,34,82619,3,0.16,0.27,6,0.33,moderate
U0522,39,126561,17,0.28,0.38,2,0.32,moderate
U0523,37,127639,15,0.32,0.11,8,0.28,aggressive
U0524,44,120242,10,0.43,0.16,2,0.16,moderate
U0525,46,43015,10,0.43,0.47,4,0.39,conservative
U0526,63,89011,13,0.17,0.25,1,0.4,conservative
U0527,65,32332,30,0.46,0.39,10,0.37,moderate
U0528,36,96162,14,0.37,0.43,5,0.22,moderate
U0529,46,121412,24,0.16,0.28,9,0.38,aggressive
U0530,47,183219,6,0.05,0.6,6,0.27,moderate
U0531,60,189658,18,0.18,0.06,2,0.18,conservative
U0532,39,197928,17,0.44,0.16,5,0.13,aggressive
U0533,55,92993,3,0.41,0.48,10,0.21,conservative
U0534,42,66681,1,0.34,0.6,5,0.41,moderate
U0535,47,131783,2,0.31,0.6,4,0.19,conservative
U0536,67,88291,34,0.34,0.29,6,0.25,conservative
U0537,32,176341,10,0.18,0.28,5,0.34,moderate
U0538,57,77990,21,0.34,0.13,4,0.35,moderate
U0539,41,140224,19,0.22,0.35,8,0.39,aggressive
U0540,52,44071,4,0.26,0.12,2,0.4,conservative
U0541,46,168893,19,0.24,0.52,3,0.1,conservative
U0542,34,119828,12,0.49,0.54,8,0.11,aggressive
U0543,67,77279,5,0.27,0.38,3,0.18,conservative
U0544,25,31235,3,0.17,0.46,3,0.28,conservative
U0545,32,158339,5,0.11,0.26,7,0.21,moderate
U0546,52,130484,0,0.07,0.12,6,0.43,moderate
U0547,42,169207,12,0.06,0.0,4,0.14,moderate
U0548,44,111813,8,0.1,0.3,5,0.12,conservative
U0549,24,108171,2,0.26,0.31,9,0.19,moderate
U0550,65,65072,21,0.5,0.29,4,0.12,conservative
U0551,47,35013,14,0.15,0.59,4,0.34,conservative
U0552,59,162286,10,0.11,0.43,1,0.2,conservative
U0553,62,97053,34,0.33,0.36,1,0.31,conservative
U0554,63,35175,3,0.36,0.25,7,0.1,conservative
U0555,38,154360,9,0.14,0.41,1,0.17,conservative
U0556,64,56471,33,0.17,0.36,3,0.22,conservative
U0557,28,164108,6,0.18,0.47,8,0.13,moderate
U0558,34,98942,12,0.49,0.21,7,0.17,moderate
U0559,24,173691,2,0.46,0.41,8,0.18,moderate
U0560,22,33342,0,0.46,0.5,8,0.11,conservative
U0561,27,164140,4,0.38,0.06,5,0.31,aggressive
U0562,51,107600,16,0.26,0.06,3,0.4,moderate
U0563,40,124428,18,0.24,0.07,1,0.05,moderate
U0564,30,199659,8,0.2,0.54,10,0.16,moderate
U0565,68,54366,23,0.42,0.11,7,0.21,moderate
U0566,51,101259,24,0.36,0.29,7,0.31,aggressive
U0567,32,59637,8,0.36,0.04,3,0.09,moderate
U0568,59,156530,28,0.13,0.23,6,0.29,moderate
U0569,65,64250,30,0.46,0.07,7,0.23,moderate
U0570,26,98580,4,0.06,0.52,9,0.36,moderate
U0571,58,178114,14,0.49,0.4,6,0.26,moderate
U0572,66,192067,6,0.24,0.44,8,0.19,conservative
U0573,65,198140,24,0.12,0.5,10,0.07,moderate
U0574,63,71137,32,0.43,0.51,3,0.08,conservative
U0575,53,114052,15,0.2,0.17,9,0.14,aggressive
U0576,63,129257,25,0.42,0.05,8,0.37,aggressive
U0577,50,53073,28,0.25,0.07,8,0.35,moderate
U0578,23,56907,1,0.24,0.33,1,0.38,conservative
U0579,60,192284,19,0.45,0.34,8,0.43,aggressive
U0580,45,44227,14,0.43,0.2,10,0.29,aggressive
U0581,67,125235,28,0.1,0.46,4,0.05,conservative
U0582,44,196110,18,0.3,0.22,2,0.07,conservative
U0583,32,159085,8,0.42,0.45,7,0.09,moderate
U0584,61,81359,12,0.1,0.51,4,0.23,conservative
U0585,34,118587,6,0.39,0.03,10,0.1,aggressive
U0586,50,149901,28,0.11,0.3,9,0.34,aggressive
U0587,57,143458,30,0.47,0.47,3,0.33,moderate
U0588,33,63654,6,0.22,0.36,6,0.25,conservative
U0589,46,139750,15,0.17,0.58,5,0.23,moderate
U0590,30,66223,8,0.32,0.53,9,0.17,moderate
U0591,66,173604,20,0.37,0.56,4,0.13,conservative
U0592,61,106173,22,0.46,0.08,3,0.25,moderate
U0593,66,196953,20,0.37,0.46,9,0.24,moderate
U0594,58,139439,34,0.18,0.51,1,0.26,conservative
U0595,23,129842,1,0.07,0.03,5,0.35,aggressive
U0596,32,105134,10,0.12,0.04,5,0.13,moderate
U0597,56,38468,22,0.42,0.06,9,0.4,aggressive
U0598,69,199638,35,0.22,0.31,5,0.33,moderate
U0599,25,130029,3,0.24,0.47,6,0.44,moderate
U0600,25,33398,3,0.14,0.52,8,0.38,moderate
U0601,62,199772,23,0.39,0.33,10,0.13,moderate
U0602,68,80724,18,0.25,0.59,2,0.12,conservative
U0603,33,164701,7,0.22,0.26,9,0.16,moderate
U0604,32,183088,10,0.05,0.28,3,0.07,conservative
U0605,42,186468,3,0.4,0.38,5,0.25,conservative
U0606,58,174221,22,0.08,0.42,9,0.14,moderate
U0607,33,166473,4,0.4,0.1,9,0.26,aggressive
U0608,27,121593,5,0.45,0.4,6,0.19,moderate
U0609,35,192078,13,0.26,0.34,1,0.1,conservative
U0610,44,146828,15,0.46,0.37,10,0.15,aggressive
U0611,24,114131,2,0.46,0.57,7,0.15,moderate
U0612,68,104141,1,0.46,0.49,6,0.26,moderate
U0613,54,146800,31,0.07,0.54,4,0.18,conservative
U0614,27,55154,5,0.49,0.46,9,0.05,moderate
U0615,26,85255,4,0.44,0.25,2,0.13,conservative
U0616,66,144094,4,0.39,0.09,8,0.34,aggressive
U0617,24,52943,2,0.07,0.48,9,0.08,conservative
U0618,36,97803,14,0.22,0.38,7,0.18,moderate
U0619,46,61013,24,0.05,0.43,2,0.35,conservative
U0620,59,41931,4,0.21,0.3,5,0.36,conservative
U0621,41,189007,5,0.18,0.56,7,0.21,conservative
U0622,64,38079,30,0.12,0.13,7,0.37,moderate
U0623,56,107326,9,0.18,0.53,6,0.43,moderate
U0624,22,175103,0,0.11,0.03,10,0.29,aggressive
U0625,56,173530,5,0.19,0.45,6,0.13,conservative
U0626,63,164362,9,0.12,0.13,5,0.13,moderate
U0627,33,178712,3,0.43,0.56,9,0.23,moderate
U0628,57,49174,18,0.35,0.15,4,0.34,moderate
U0629,53,116730,22,0.11,0.39,2,0.16,conservative
U0630,26,80724,4,0.27,0.2,5,0.33,moderate
U0631,31,178256,9,0.41,0.58,3,0.05,moderate
U0632,37,88071,15,0.17,0.22,6,0.4,moderate
U0633,51,146747,22,0.4,0.29,2,0.12,conservative
U0634,60,51488,17,0.44,0.08,9,0.13,moderate
U0635,68,194264,4,0.38,0.54,9,0.3,moderate
U0636,59,181755,25,0.4,0.13,1,0.27,moderate
U0637,56,171473,30,0.34,0.09,7,0.14,aggressive
U0638,59,106283,8,0.26,0.31,7,0.2,conservative
U0639,22,92621,0,0.39,0.08,3,0.12,moderate
U0640,58,68325,30,0.47,0.02,8,0.14,moderate
U0641,38,126845,14,0.07,0.12,6,0.21,moderate
U0642,51,42173,2,0.49,0.19,9,0.3,moderate
U0643,39,99026,17,0.31,0.23,7,0.2,moderate
U0644,63,50404,33,0.16,0.58,4,0.26,conservative
U0645,44,120448,22,0.41,0.53,1,0.25,conservative
U0646,30,145316,8,0.15,0.31,5,0.13,moderate
U0647,33,71250,11,0.32,0.49,4,0.22,moderate
U0648,43,59711,21,0.35,0.29,10,0.11,moderate
U0649,48,35884,15,0.07,0.34,3,0.1,conservative
U0650,54,40273,9,0.08,0.15,3,0.26,conservative
U0651,47,187117,1,0.45,0.44,5,0.43,moderate
U0652,35,147755,13,0.44,0.1,7,0.29,aggressive
U0653,59,77679,32,0.17,0.43,6,0.42,moderate
U0654,60,184821,4,0.15,0.23,2,0.06,conservative
U0655,55,162214,26,0.42,0.36,3,0.24,conservative
U0656,61,187237,2,0.44,0.32,2,0.09,conservative
U0657,64,64164,34,0.42,0.54,7,0.26,moderate
U0658,45,41387,23,0.24,0.56,8,0.37,moderate
U0659,46,121886,6,0.24,0.15,4,0.41,moderate
U0660,27,104256,5,0.23,0.11,1,0.28,moderate
U0661,29,166252,0,0.22,0.12,6,0.21,moderate
U0662,28,70574,6,0.34,0.15,9,0.22,aggressive
U0663,45,190400,17,0.5,0.24,4,0.22,moderate
U0664,57,156476,11,0.22,0.33,5,0.45,moderate
U0665,58,120270,25,0.38,0.51,2,0.35,moderate
U0666,50,72413,6,0.15,0.24,6,0.37,conservative
U0667,61,43645,10,0.23,0.38,2,0.38,conservative
U0668,52,187350,27,0.09,0.16,6,0.08,moderate
U0669,24,130748,2,0.33,0.31,10,0.07,moderate
U0670,33,197848,11,0.25,0.12,9,0.16,aggressive
U0671,24,187159,2,0.28,0.14,3,0.32,moderate
U0672,45,92719,0,0.49,0.05,5,0.36,moderate
U0673,44,133584,22,0.31,0.31,2,0.42,moderate
U0674,57,104578,35,0.46,0.21,5,0.14,moderate
U0675,34,149212,12,0.31,0.16,7,0.25,aggressive
U0676,57,48975,32,0.18,0.57,9,0.43,moderate
U0677,56,180704,16,0.36,0.58,10,0.24,moderate
U0678,37,119040,15,0.36,0.54,1,0.24,conservative
U0679,38,47708,16,0.34,0.6,4,0.37,moderate
U0680,48,122562,26,0.29,0.42,5,0.15,moderate
U0681,27,134577,5,0.08,0.56,8,0.18,moderate
U0682,35,180395,13,0.13,0.45,4,0.25,conservative
U0683,34,91567,12,0.44,0.12,4,0.38,aggressive
U0684,61,123330,9,0.4,0.07,2,0.32,moderate
U0685,64,159149,0,0.39,0.32,1,0.39,conservative
U0686,45,192704,20,0.27,0.59,10,0.4,aggressive
U0687,53,77938,31,0.18,0.13,10,0.1,moderate
U0688,55,140933,30,0.47,0.02,6,0.21,moderate
U0689,65,75822,29,0.49,0.42,8,0.18,moderate
U0690,22,33098,0,0.22,0.06,6,0.3,moderate
U0691,38,79060,16,0.17,0.16,10,0.19,aggressive
U0692,33,160749,11,0.14,0.42,6,0.2,moderate
U0693,47,103303,25,0.13,0.08,10,0.32,aggressive
U0694,28,100765,6,0.3,0.51,4,0.11,conservative
U0695,69,69203,30,0.41,0.11,8,0.1,moderate
U0696,62,165530,34,0.37,0.47,5,0.15,moderate
U0697,58,42506,25,0.09,0.1,4,0.38,moderate
U0698,52,195114,6,0.25,0.2,6,0.19,conservative
U0699,57,97558,22,0.06,0.07,10,0.13,moderate
U0700,58,171148,11,0.49,0.17,6,0.32,aggressive
U0701,53,147160,5,0.22,0.17,3,0.4,moderate
U0702,62,118444,26,0.33,0.34,2,0.08,conservative
U0703,43,89825,20,0.19,0.17,5,0.29,aggressive
U0704,47,101106,25,0.4,0.56,10,0.26,aggressive
U0705,50,138524,10,0.13,0.01,4,0.31,moderate
U0706,69,50988,13,0.13,0.06,2,0.42,conservative
U0707,52,173768,3,0.06,0.24,2,0.09,conservative
U0708,61,70704,5,0.34,0.53,5,0.14,conservative
U0709,69,104494,28,0.33,0.08,3,0.06,moderate
U0710,64,123543,20,0.44,0.28,9,0.42,aggressive
U0711,57,146613,8,0.49,0.42,3,0.29,moderate
U0712,51,195425,27,0.29,0.38,5,0.41,moderate
U0713,52,171470,14,0.41,0.27,6,0.21,moderate
U0714,31,109579,0,0.05,0.49,3,0.19,conservative
U0715,52,170272,0,0.36,0.3,8,0.17,conservative
U0716,49,106787,14,0.41,0.33,4,0.21,moderate
U0717,57,144584,25,0.16,0.43,7,0.38,moderate
U0718,36,98938,5,0.24,0.14,10,0.37,aggressive
U0719,65,101267,18,0.34,0.32,5,0.22,moderate
U0720,26,77816,4,0.18,0.38,10,0.23,moderate
U0721,66,193251,31,0.13,0.01,1,0.44,moderate
U0722,23,78742,1,0.18,0.08,8,0.34,aggressive
U0723,36,53644,9,0.06,0.13,7,0.17,moderate
U0724,53,127359,29,0.36,0.02,2,0.39,moderate
U0725,31,44690,9,0.4,0.04,8,0.12,moderate
U0726,38,130028,0,0.1,0.46,4,0.2,conservative
U0727,50,94792,2,0.14,0.44,2,0.26,conservative
U0728,35,153948,13,0.36,0.19,6,0.11,aggressive
U0729,68,41058,35,0.28,0.15,5,0.13,conservative
U0730,25,87091,3,0.16,0.26,1,0.12,conservative
U0731,39,183274,7,0.23,0.15,1,0.28,moderate
U0732,66,154589,9,0.22,0.05,3,0.25,conservative
U0733,65,192174,21,0.47,0.6,1,0.07,conservative
U0734,63,70348,34,0.41,0.08,4,0.18,moderate
U0735,57,198990,22,0.41,0.26,4,0.06,conservative
U0736,46,123891,8,0.16,0.02,8,0.27,aggressive
U0737,56,158474,12,0.31,0.33,6,0.34,moderate
U0738,39,186940,17,0.12,0.32,8,0.17,moderate
U0739,38,171978,16,0.25,0.47,9,0.2,moderate
U0740,33,34907,11,0.4,0.14,2,0.31,moderate
U0741,56,131578,12,0.29,0.3,9,0.11,moderate
U0742,40,114567,18,0.34,0.07,9,0.31,aggressive
U0743,24,64019,2,0.44,0.12,8,0.13,moderate
U0744,24,179687,2,0.35,0.32,10,0.15,moderate
U0745,45,87861,4,0.06,0.55,8,0.42,moderate
U0746,27,152698,3,0.21,0.45,7,0.38,moderate
U0747,67,45283,17,0.29,0.44,5,0.08,conservative
U0748,35,166179,6,0.1,0.14,7,0.13,moderate
U0749,55,95211,11,0.3,0.33,2,0.36,conservative
U0750,58,123837,29,0.37,0.26,2,0.12,conservative
U0751,33,174170,11,0.28,0.39,9,0.45,aggressive
U0752,50,122359,20,0.3,0.6,6,0.21,conservative
U0753,62,142876,20,0.32,0.34,4,0.2,conservative
U0754,57,96607,23,0.48,0.27,7,0.05,moderate
U0755,24,104575,1,0.28,0.6,5,0.05,conservative
U0756,36,86314,14,0.06,0.49,5,0.42,moderate
U0757,54,175836,9,0.09,0.28,3,0.11,conservative
U0758,45,182608,15,0.15,0.49,2,0.28,moderate
U0759,58,86999,4,0.38,0.48,3,0.25,conservative
U0760,66,181055,6,0.32,0.18,10,0.2,aggressive
U0761,25,117658,3,0.45,0.26,2,0.4,moderate
U0762,36,187889,0,0.34,0.38,1,0.17,conservative
U0763,24,113706,2,0.3,0.2,4,0.11,conservative
U0764,65,132991,28,0.39,0.35,2,0.14,conservative
U0765,40,133369,9,0.11,0.05,10,0.35,aggressive
U0766,57,134645,16,0.09,0.3,3,0.35,moderate
U0767,52,176616,12,0.27,0.39,4,0.27,moderate
U0768,69,167428,15,0.16,0.16,7,0.18,moderate
U0769,58,53486,7,0.35,0.25,6,0.13,conservative
U0770,44,185681,1,0.4,0.1,6,0.3,aggressive
U0771,50,193363,9,0.25,0.55,4,0.13,conservative
U0772,45,70892,5,0.1,0.03,10,0.42,aggressive
U0773,40,33600,18,0.36,0.07,8,0.24,moderate
U0774,43,84790,21,0.15,0.33,5,0.27,moderate
U0775,61,67053,1,0.22,0.54,9,0.07,conservative
U0776,32,45757,10,0.14,0.42,5,0.07,conservative
U0777,63,32184,4,0.22,0.16,6,0.4,conservative
U0778,23,106675,1,0.15,0.23,2,0.41,conservative
U0779,53,186527,31,0.09,0.12,8,0.27,aggressive
U0780,67,35633,2,0.16,0.32,6,0.25,conservative
U0781,69,71157,1,0.21,0.21,5,0.14,conservative
U0782,54,102319,3,0.33,0.53,1,0.43,conservative
U0783,39,89135,9,0.2,0.24,3,0.09,conservative
U0784,46,166503,14,0.24,0.34,7,0.44,aggressive
U0785,60,116320,28,0.29,0.12,3,0.28,moderate
U0786,65,83034,8,0.19,0.42,9,0.41,moderate
U0787,49,68050,10,0.19,0.33,2,0.12,conservative
U0788,31,37728,9,0.45,0.25,7,0.17,moderate
U0789,69,196945,17,0.12,0.11,3,0.12,moderate
U0790,70,190427,17,0.32,0.37,10,0.14,moderate
U0791,65,36837,22,0.09,0.47,3,0.25,conservative
U0792,60,152883,23,0.13,0.23,8,0.11,moderate
U0793,34,89316,2,0.23,0.58,5,0.43,moderate
U0794,36,83171,13,0.08,0.56,8,0.4,moderate
U0795,53,115169,29,0.45,0.26,1,0.29,moderate
U0796,46,112024,24,0.33,0.45,10,0.26,aggressive
U0797,63,40095,33,0.1,0.27,1,0.4,conservative
U0798,37,165974,15,0.23,0.44,9,0.2,moderate
U0799,70,195320,3,0.14,0.26,5,0.36,conservative
U0800,40,150939,10,0.24,0.37,1,0.33,conservative
U0801,31,151524,9,0.09,0.3,3,0.36,moderate
U0802,66,173237,8,0.23,0.19,1,0.12,conservative
U0803,59,82935,29,0.09,0.19,3,0.34,moderate
U0804,29,53905,7,0.37,0.38,2,0.26,conservative
U0805,46,164130,10,0.22,0.23,3,0.41,moderate
U0806,58,69345,10,0.44,0.11,1,0.22,conservative
U0807,41,146983,18,0.33,0.07,3,0.43,aggressive
U0808,22,193200,0,0.06,0.3,8,0.27,moderate
U0809,22,189379,0,0.16,0.35,8,0.23,moderate
U0810,50,50815,0,0.16,0.33,10,0.3,conservative
U0811,35,42823,11,0.12,0.39,1,0.11,conservative
U0812,24,181543,2,0.2,0.05,2,0.22,conservative
U0813,33,72293,11,0.32,0.41,10,0.28,aggressive
U0814,57,76509,29,0.39,0.22,1,0.09,conservative
U0815,41,114625,19,0.45,0.49,7,0.39,aggressive
U0816,26,106764,4,0.11,0.42,5,0.18,conservative
U0817,48,167532,13,0.36,0.37,2,0.28,moderate
U0818,62,168660,5,0.27,0.41,5,0.22,conservative
U0819,42,98068,20,0.31,0.37,3,0.3,moderate
U0820,53,166237,31,0.27,0.11,10,0.14,aggressive
U0821,40,80739,0,0.1,0.28,2,0.34,conservative
U0822,35,191299,13,0.24,0.2,9,0.37,aggressive
U0823,35,32961,12,0.36,0.15,2,0.17,conservative
U0824,54,174177,20,0.4,0.07,6,0.19,moderate
U0825,68,179139,1,0.42,0.12,6,0.42,moderate
U0826,52,154387,2,0.34,0.29,8,0.41,moderate
U0827,56,117846,29,0.4,0.25,1,0.38,moderate
U0828,41,178096,19,0.3,0.01,10,0.32,aggressive
U0829,44,47357,9,0.18,0.02,7,0.3,moderate
U0830,32,179679,10,0.13,0.07,5,0.33,aggressive
U0831,42,38291,17,0.24,0.3,4,0.2,conservative
U0832,41,86659,19,0.19,0.07,1,0.36,moderate
U0833,27,146332,5,0.06,0.29,9,0.11,moderate
U0834,43,156739,21,0.19,0.2,2,0.38,moderate
U0835,55,64791,13,0.38,0.28,9,0.1,moderate
U0836,41,41542,5,0.2,0.53,2,0.26,conservative
U0837,64,111914,1,0.31,0.19,4,0.18,conservative
U0838,34,105121,12,0.29,0.46,2,0.16,conservative
U0839,32,101732,7,0.06,0.37,9,0.09,moderate
U0840,56,121833,34,0.19,0.08,5,0.28,aggressive
U0841,32,48675,10,0.33,0.2,8,0.07,moderate
U0842,23,153400,1,0.1,0.03,7,0.21,moderate
U0843,67,186269,28,0.33,0.19,4,0.34,aggressive
U0844,64,169849,5,0.49,0.45,8,0.28,moderate
U0845,27,152755,5,0.26,0.41,8,0.24,moderate
U0846,36,67675,14,0.46,0.24,6,0.37,moderate
U0847,42,148825,20,0.06,0.29,6,0.24,moderate
U0848,32,103992,10,0.32,0.08,2,0.21,moderate
U0849,67,58044,20,0.3,0.04,5,0.26,moderate
U0850,47,184805,25,0.16,0.15,3,0.44,aggressive
U0851,46,47317,21,0.14,0.42,7,0.36,moderate
U0852,49,178691,21,0.3,0.14,2,0.35,moderate
U0853,67,180520,31,0.1,0.36,6,0.27,moderate
U0854,50,76182,19,0.48,0.04,2,0.32,moderate
U0855,60,129329,20,0.27,0.4,2,0.14,conservative
U0856,30,182244,0,0.39,0.4,8,0.26,aggressive
U0857,46,191368,24,0.14,0.41,6,0.17,moderate
U0858,65,109835,27,0.37,0.55,2,0.28,moderate
U0859,61,163804,25,0.43,0.51,1,0.2,conservative
U0860,57,43927,0,0.37,0.49,6,0.09,conservative
U0861,40,38174,15,0.24,0.35,6,0.33,moderate
U0862,47,130024,25,0.3,0.4,8,0.11,moderate
U0863,57,130819,23,0.43,0.09,3,0.1,moderate
U0864,26,199971,1,0.11,0.53,7,0.44,moderate
U0865,30,52194,8,0.34,0.25,8,0.41,moderate
U0866,66,188447,27,0.33,0.27,7,0.27,aggressive
U0867,50,130850,22,0.15,0.25,1,0.28,conservative
U0868,68,92062,32,0.17,0.56,10,0.2,moderate
U0869,24,178937,2,0.37,0.07,8,0.43,aggressive
U0870,27,67247,5,0.49,0.59,5,0.24,conservative
U0871,27,167194,5,0.16,0.38,2,0.32,conservative
U0872,56,181946,19,0.33,0.54,9,0.36,aggressive
U0873,52,149022,30,0.46,0.34,6,0.22,moderate
U0874,40,105814,10,0.07,0.55,5,0.34,moderate
U0875,58,98273,3,0.33,0.35,10,0.07,conservative
U0876,40,193660,1,0.18,0.05,9,0.08,moderate
U0877,39,96073,8,0.33,0.17,5,0.06,moderate
U0878,29,188288,7,0.46,0.44,8,0.2,moderate
U0879,33,98485,11,0.27,0.48,1,0.19,conservative
U0880,27,68029,5,0.43,0.45,7,0.36,moderate
U0881,37,145391,10,0.14,0.44,6,0.07,conservative
U0882,38,60407,3,0.13,0.24,5,0.24,conservative
U0883,70,169597,14,0.22,0.42,8,0.16,moderate
U0884,55,143962,0,0.18,0.48,7,0.32,moderate
U0885,55,40752,6,0.46,0.38,7,0.29,moderate
U0886,63,101457,21,0.17,0.48,5,0.31,moderate
U0887,47,150876,15,0.38,0.35,4,0.26,moderate
U0888,65,77164,20,0.3,0.4,2,0.05,conservative
U0889,28,167694,6,0.36,0.21,5,0.15,moderate
U0890,24,36212,2,0.08,0.36,4,0.43,conservative
U0891,62,61926,7,0.09,0.36,7,0.31,moderate
U0892,63,178391,11,0.45,0.42,5,0.17,moderate
U0893,64,49848,29,0.47,0.17,7,0.33,aggressive
U0894,64,114778,16,0.12,0.04,1,0.2,conservative
U0895,43,45744,16,0.48,0.16,8,0.08,moderate
U0896,34,189986,12,0.13,0.3,3,0.27,moderate
U0897,49,87248,6,0.46,0.43,2,0.06,conservative
U0898,26,179774,4,0.4,0.01,8,0.11,aggressive
U0899,62,30227,2,0.35,0.16,6,0.41,moderate
U0900,58,30970,32,0.37,0.46,8,0.22,conservative
U0901,68,48376,34,0.15,0.23,8,0.1,conservative
U0902,56,124088,21,0.36,0.24,2,0.2,conservative
U0903,43,51091,21,0.39,0.17,4,0.12,moderate
U0904,24,130706,2,0.18,0.23,2,0.3,conservative
U0905,44,157533,5,0.45,0.26,4,0.11,conservative
U0906,34,36649,12,0.27,0.04,9,0.31,aggressive
U0907,53,169969,28,0.48,0.01,6,0.07,moderate
U0908,68,41223,25,0.1,0.48,9,0.23,conservative
U0909,65,170656,9,0.38,0.14,2,0.06,conservative
U0910,31,158160,1,0.26,0.55,1,0.15,conservative
U0911,63,64219,0,0.13,0.03,5,0.38,moderate
U0912,28,149586,6,0.43,0.04,2,0.1,moderate
U0913,60,191383,14,0.08,0.12,6,0.37,aggressive
U0914,69,135384,20,0.1,0.41,9,0.1,moderate
U0915,35,41950,11,0.2,0.07,3,0.35,moderate
U0916,32,126974,10,0.12,0.15,10,0.07,aggressive
U0917,28,195726,6,0.4,0.01,8,0.08,aggressive
U0918,22,77032,0,0.37,0.36,5,0.22,conservative
U0919,52,63264,13,0.11,0.16,8,0.21,moderate
U0920,33,190048,2,0.32,0.43,10,0.43,aggressive
U0921,62,108957,22,0.24,0.33,4,0.1,conservative
U0922,55,55082,23,0.44,0.59,9,0.14,moderate
U0923,62,84554,17,0.07,0.07,3,0.32,moderate
U0924,52,160420,11,0.12,0.55,1,0.31,conservative
U0925,40,84942,18,0.16,0.37,8,0.07,moderate
U0926,69,43751,34,0.13,0.47,8,0.26,moderate
U0927,26,91682,4,0.32,0.2,4,0.35,moderate
U0928,42,90309,7,0.2,0.06,7,0.4,aggressive
U0929,46,87845,4,0.26,0.29,7,0.11,conservative
U0930,61,149273,11,0.22,0.08,4,0.3,moderate
U0931,39,83008,17,0.11,0.42,1,0.16,conservative
U0932,29,152037,7,0.24,0.46,4,0.4,moderate
U0933,60,71101,10,0.31,0.33,4,0.08,conservative
U0934,55,158244,13,0.32,0.5,5,0.06,moderate
U0935,49,94658,15,0.2,0.35,10,0.43,aggressive
U0936,58,31331,26,0.49,0.02,8,0.34,aggressive
U0937,54,38813,27,0.29,0.29,2,0.23,conservative
U0938,37,51781,15,0.39,0.42,7,0.43,moderate
U0939,30,123953,8,0.16,0.6,1,0.24,conservative
U0940,41,72415,19,0.44,0.45,1,0.44,moderate
U0941,51,66339,25,0.13,0.52,8,0.33,moderate
U0942,22,194444,0,0.22,0.41,9,0.06,moderate
U0943,49,100723,27,0.31,0.12,2,0.3,aggressive
U0944,43,44368,21,0.48,0.4,1,0.09,conservative
U0945,45,151989,2,0.21,0.11,9,0.33,aggressive
U0946,57,83664,8,0.49,0.14,2,0.31,moderate
U0947,69,182074,13,0.39,0.46,6,0.19,moderate
U0948,39,162006,17,0.17,0.04,6,0.23,moderate
U0949,54,168066,7,0.26,0.32,9,0.41,moderate
U0950,50,192778,23,0.41,0.57,2,0.13,conservative
U0951,51,52887,5,0.23,0.11,2,0.09,conservative
U0952,39,59366,9,0.27,0.52,9,0.43,moderate
U0953,23,106852,1,0.49,0.32,3,0.24,conservative
U0954,48,146355,1,0.18,0.04,4,0.38,moderate
U0955,55,198996,21,0.24,0.21,6,0.24,conservative
U0956,64,168979,35,0.25,0.18,3,0.41,moderate
U0957,41,75019,16,0.15,0.22,5,0.36,moderate
U0958,25,68886,3,0.18,0.57,10,0.42,moderate
U0959,67,170330,18,0.13,0.11,3,0.11,moderate
U0960,29,40787,7,0.31,0.26,6,0.12,conservative
U0961,57,39093,20,0.49,0.09,8,0.27,aggressive
U0962,32,169891,10,0.1,0.01,8,0.36,aggressive
U0963,51,113943,9,0.05,0.44,9,0.18,moderate
U0964,67,107478,30,0.45,0.58,10,0.32,aggressive
U0965,58,145895,21,0.36,0.44,1,0.11,conservative
U0966,57,60638,19,0.06,0.37,4,0.23,conservative
U0967,27,115555,3,0.32,0.12,9,0.14,aggressive
U0968,39,81305,1,0.09,0.51,2,0.44,conservative
U0969,47,80973,25,0.19,0.36,1,0.41,conservative
U0970,45,134217,9,0.37,0.26,7,0.2,moderate
U0971,40,120418,18,0.19,0.27,9,0.09,moderate
U0972,68,146449,26,0.41,0.17,7,0.34,aggressive
U0973,48,66586,5,0.11,0.18,9,0.44,aggressive
U0974,26,184842,4,0.09,0.25,5,0.22,conservative
U0975,57,151141,8,0.14,0.5,5,0.27,moderate
U0976,24,109165,2,0.27,0.44,4,0.06,conservative
U0977,22,70376,0,0.19,0.38,8,0.1,conservative
U0978,64,105415,26,0.13,0.54,4,0.06,conservative
U0979,70,102670,31,0.5,0.04,6,0.28,aggressive
U0980,58,144312,16,0.33,0.29,2,0.2,conservative
U0981,68,180801,1,0.43,0.1,1,0.11,conservative
U0982,51,65519,22,0.12,0.16,7,0.3,aggressive
U0983,44,42770,18,0.18,0.38,2,0.26,conservative
U0984,62,78037,6,0.32,0.1,6,0.4,moderate
U0985,65,108924,17,0.36,0.41,2,0.26,moderate
U0986,44,67674,0,0.11,0.17,8,0.21,moderate
U0987,32,56848,10,0.12,0.13,4,0.37,moderate
U0988,57,190806,33,0.43,0.43,2,0.22,conservative
U0989,26,60556,4,0.47,0.29,5,0.33,moderate
U0990,30,145851,8,0.39,0.21,5,0.06,moderate
U0991,29,88289,7,0.44,0.09,4,0.17,moderate
U0992,35,64135,5,0.24,0.46,2,0.08,conservative
U0993,52,143048,2,0.14,0.02,9,0.29,aggressive
U0994,52,61174,16,0.07,0.18,1,0.35,moderate
U0995,29,187756,7,0.31,0.12,6,0.06,aggressive
U0996,31,102712,9,0.21,0.51,10,0.15,moderate
U0997,58,47914,6,0.42,0.46,9,0.14,conservative
U0998,34,103887,10,0.46,0.32,2,0.42,moderate
U0999,54,154443,23,0.36,0.11,2,0.12,moderate
U1000,44,129513,22,0.15,0.14,2,0.35,moderate
